Year,No.,Winner,Opposition,Score,Venue
2021,LV,Tampa Bay Buccaneers,Kansas City Chiefs,31-9,Tampa
 2020,LIV,Kansas City Chiefs,San Francisco 49ers,31-20,Miami
 2019,LIII,New England Paiots,Los Angeles Rams,13-3,Atlanta
 2018,LII,Philadelphia Eagles,New England Paiots,41-33,Minneapolis
 2017,LI,New England Paiots,Atlanta Falcons,34-28,Houston
 2016,L,Denver Broncos,Carolina Paners,24-10,Santa Clara
 2015,XLIX,New England Paiots,Seattle Seahawks,28-24,Phoenix
 2014,XLVIII,Seattle Seahawks,Denver Broncos,43-8,New Jersey
 2013,XLVII,Baltimore Ravens,San Francisco 49ers,34-31,New Orleans
 2012,XLVI,New York Giants,New England Paiots,21-17,Indianapolis
 2011,XLV,Green Bay Packers,Pittsburgh Steelers,31-25,Arlington
 2010,XLIV,New Orleans Saints,Indianapolis Colts,31â17,Miami
 2009florida.htm2009a,XLIII,Pittsburgh Steelers,Arizona Cardinals,27-23,Tampa
 2008arizona.htm2008a,XLII,New York Giants,New England Paiots,17-14,Phoenix
 2007florida.htm2007a,XLI,Indianapolis Colts,Chicago Bears,29-17,Miami
 2006,XL,Pittsburgh,Seattle,21-10,Deoit
 2005,XXXIX,New England,Philadelphia,24-21,Jacksonville
 2004,XXXVIII,New England,Carolina,32-29,Houston
 2003,XXXVII,Tampa Bay,Oakland,48-21,San Diego
 2002,XXXVI,New England,St Louis,20-17,New Orleans
 2001,XXXV,Baltimore,NY Giants,34-7,Tampa
 2000,XXXIV,St Louis,Tennessee,23-16,Atlanta
 1999,XXXIII,Denver,Atlanta,34-19,Miami
 1998,XXXII,Denver,Green Bay,31-24,San Diego
 1997,XXXI,Green Bay,New England,35-21,New Orleans
 1996,XXX,Dallas,Pittsburgh,27-17,Tempe
 1995,XXIX,San Francisco,San Diego,49-26,Miami
 1994,XXVIII,Dallas,Buffalo,30-13,Atlanta
 1993,XXVII,Dallas,Buffalo,52-17,Pasadena
 1992,XXVI,Washington,Buffalo,37-24,Minneapolis
 1991,XXV,NY Giants,Buffalo,20-19,Tampa
