teamID,name,winningpercentage,Totalpayroll,YEAR
ANA,Anaheim Angels,51.85185185185185,31135472.0,1997
ANA,Anaheim Angels,52.46913580246913,41281000.0,1998
ANA,Anaheim Angels,43.20987654320987,55388166.0,1999
ANA,Anaheim Angels,50.617283950617285,51464167.0,2000
ANA,Anaheim Angels,46.2962962962963,47535167.0,2001
ANA,Anaheim Angels,61.111111111111114,61721667.0,2002
ANA,Anaheim Angels,47.53086419753087,79031667.0,2003
ANA,Anaheim Angels,56.79012345679012,100534667.0,2004
ARI,Arizona Diamondbacks,40.123456790123456,32347000.0,1998
ARI,Arizona Diamondbacks,61.72839506172839,68703999.0,1999
ARI,Arizona Diamondbacks,52.46913580246913,81027833.0,2000
ARI,Arizona Diamondbacks,56.79012345679012,85082999.0,2001
ARI,Arizona Diamondbacks,60.49382716049383,102819999.0,2002
ARI,Arizona Diamondbacks,51.85185185185185,80657000.0,2003
ARI,Arizona Diamondbacks,31.48148148148148,69780750.0,2004
ARI,Arizona Diamondbacks,47.53086419753087,62329166.0,2005
ARI,Arizona Diamondbacks,46.913580246913575,59684226.0,2006
ARI,Arizona Diamondbacks,55.55555555555556,52067546.0,2007
ARI,Arizona Diamondbacks,50.617283950617285,66202712.0,2008
ARI,Arizona Diamondbacks,43.20987654320987,73115666.0,2009
ARI,Arizona Diamondbacks,40.123456790123456,60718166.0,2010
ARI,Arizona Diamondbacks,58.0246913580247,53639833.0,2011
ARI,Arizona Diamondbacks,50.0,73804833.0,2012
ATL,Atlanta Braves,40.74074074074074,14807000.0,1985
ATL,Atlanta Braves,44.72049689440994,17102786.0,1986
ATL,Atlanta Braves,42.857142857142854,16544560.0,1987
ATL,Atlanta Braves,33.75,12728174.0,1988
ATL,Atlanta Braves,39.130434782608695,11112334.0,1989
ATL,Atlanta Braves,40.123456790123456,14555501.0,1990
ATL,Atlanta Braves,58.0246913580247,18403500.0,1991
ATL,Atlanta Braves,60.49382716049383,34625333.0,1992
ATL,Atlanta Braves,64.19753086419753,41641417.0,1993
ATL,Atlanta Braves,59.64912280701754,49383513.0,1994
ATL,Atlanta Braves,62.5,47235445.0,1995
ATL,Atlanta Braves,59.25925925925925,49698500.0,1996
ATL,Atlanta Braves,62.34567901234568,52278500.0,1997
ATL,Atlanta Braves,65.4320987654321,61186000.0,1998
ATL,Atlanta Braves,63.580246913580254,73140000.0,1999
ATL,Atlanta Braves,58.64197530864198,84537836.0,2000
ATL,Atlanta Braves,54.32098765432099,91936166.0,2001
ATL,Atlanta Braves,62.732919254658384,92870367.0,2002
ATL,Atlanta Braves,62.34567901234568,106243667.0,2003
ATL,Atlanta Braves,59.25925925925925,90182500.0,2004
ATL,Atlanta Braves,55.55555555555556,86457302.0,2005
ATL,Atlanta Braves,48.76543209876543,90156876.0,2006
ATL,Atlanta Braves,51.85185185185185,87290833.0,2007
ATL,Atlanta Braves,44.44444444444444,102365683.0,2008
ATL,Atlanta Braves,53.086419753086425,96726166.0,2009
ATL,Atlanta Braves,56.17283950617284,84423666.0,2010
ATL,Atlanta Braves,54.93827160493827,87002692.0,2011
ATL,Atlanta Braves,58.0246913580247,82829942.0,2012
BAL,Baltimore Orioles,51.5527950310559,11560712.0,1985
BAL,Baltimore Orioles,45.06172839506173,13001258.0,1986
BAL,Baltimore Orioles,41.358024691358025,13900273.0,1987
BAL,Baltimore Orioles,33.54037267080746,13532075.0,1988
BAL,Baltimore Orioles,53.70370370370371,8275167.0,1989
BAL,Baltimore Orioles,47.20496894409938,9680084.0,1990
BAL,Baltimore Orioles,41.358024691358025,17519000.0,1991
BAL,Baltimore Orioles,54.93827160493827,23780667.0,1992
BAL,Baltimore Orioles,52.46913580246913,29096500.0,1993
BAL,Baltimore Orioles,56.25,38849769.0,1994
BAL,Baltimore Orioles,49.30555555555556,43942521.0,1995
BAL,Baltimore Orioles,53.987730061349694,54490315.0,1996
BAL,Baltimore Orioles,60.49382716049383,58516400.0,1997
BAL,Baltimore Orioles,48.76543209876543,72355634.0,1998
BAL,Baltimore Orioles,48.148148148148145,80605863.0,1999
BAL,Baltimore Orioles,45.67901234567901,81447435.0,2000
BAL,Baltimore Orioles,38.88888888888889,67599540.0,2001
BAL,Baltimore Orioles,41.358024691358025,60493487.0,2002
BAL,Baltimore Orioles,43.558282208588956,73877500.0,2003
BAL,Baltimore Orioles,48.148148148148145,51623333.0,2004
BAL,Baltimore Orioles,45.67901234567901,73914333.0,2005
BAL,Baltimore Orioles,43.20987654320987,72585582.0,2006
BAL,Baltimore Orioles,42.592592592592595,93174808.0,2007
BAL,Baltimore Orioles,42.2360248447205,67196246.0,2008
BAL,Baltimore Orioles,39.50617283950617,67101666.0,2009
BAL,Baltimore Orioles,40.74074074074074,81612500.0,2010
BAL,Baltimore Orioles,42.592592592592595,85304038.0,2011
BAL,Baltimore Orioles,57.407407407407405,77353999.0,2012
BOS,Boston Red Sox,49.693251533742334,10897560.0,1985
BOS,Boston Red Sox,59.006211180124225,14402239.0,1986
BOS,Boston Red Sox,48.148148148148145,10144167.0,1987
BOS,Boston Red Sox,54.93827160493827,13896092.0,1988
BOS,Boston Red Sox,51.23456790123457,17481748.0,1989
BOS,Boston Red Sox,54.32098765432099,20558333.0,1990
BOS,Boston Red Sox,51.85185185185185,35167500.0,1991
BOS,Boston Red Sox,45.06172839506173,43610584.0,1992
BOS,Boston Red Sox,49.382716049382715,37120583.0,1993
BOS,Boston Red Sox,46.95652173913044,37859084.0,1994
BOS,Boston Red Sox,59.72222222222222,32455518.0,1995
BOS,Boston Red Sox,52.46913580246913,42393500.0,1996
BOS,Boston Red Sox,48.148148148148145,43558750.0,1997
BOS,Boston Red Sox,56.79012345679012,56757000.0,1998
BOS,Boston Red Sox,58.0246913580247,63497500.0,1999
BOS,Boston Red Sox,52.46913580246913,77940333.0,2000
BOS,Boston Red Sox,50.931677018633536,110035833.0,2001
BOS,Boston Red Sox,57.407407407407405,108366060.0,2002
BOS,Boston Red Sox,58.64197530864198,99946500.0,2003
BOS,Boston Red Sox,60.49382716049383,127298500.0,2004
BOS,Boston Red Sox,58.64197530864198,123505125.0,2005
BOS,Boston Red Sox,53.086419753086425,120099824.0,2006
BOS,Boston Red Sox,59.25925925925925,143026214.0,2007
BOS,Boston Red Sox,58.64197530864198,133390035.0,2008
BOS,Boston Red Sox,58.64197530864198,121345999.0,2009
BOS,Boston Red Sox,54.93827160493827,162447333.0,2010
BOS,Boston Red Sox,55.55555555555556,161762475.0,2011
BOS,Boston Red Sox,42.592592592592595,173186617.0,2012
CAL,California Angels,55.55555555555556,14427894.0,1985
CAL,California Angels,56.79012345679012,14427258.0,1986
CAL,California Angels,46.2962962962963,12843499.0,1987
CAL,California Angels,46.2962962962963,11947388.0,1988
CAL,California Angels,56.17283950617284,15097833.0,1989
CAL,California Angels,49.382716049382715,21720000.0,1990
CAL,California Angels,50.0,33060001.0,1991
CAL,California Angels,44.44444444444444,34749334.0,1992
CAL,California Angels,43.82716049382716,28588334.0,1993
CAL,California Angels,40.869565217391305,25156218.0,1994
CAL,California Angels,53.79310344827586,31223171.0,1995
CAL,California Angels,43.47826086956522,28738000.0,1996
CHA,Chicago White Sox,52.14723926380368,9846178.0,1985
CHA,Chicago White Sox,44.44444444444444,10418819.0,1986
CHA,Chicago White Sox,47.53086419753087,10641843.0,1987
CHA,Chicago White Sox,44.099378881987576,6390000.0,1988
CHA,Chicago White Sox,42.857142857142854,7265410.0,1989
CHA,Chicago White Sox,58.0246913580247,9491500.0,1990
CHA,Chicago White Sox,53.70370370370371,16919667.0,1991
CHA,Chicago White Sox,53.086419753086425,30160833.0,1992
CHA,Chicago White Sox,58.0246913580247,39696166.0,1993
CHA,Chicago White Sox,59.29203539823009,39183836.0,1994
CHA,Chicago White Sox,46.89655172413793,46961282.0,1995
CHA,Chicago White Sox,52.46913580246913,45139500.0,1996
CHA,Chicago White Sox,49.68944099378882,57740000.0,1997
CHA,Chicago White Sox,49.079754601226995,38335000.0,1998
CHA,Chicago White Sox,46.2962962962963,25620000.0,1999
CHA,Chicago White Sox,58.64197530864198,31133500.0,2000
CHA,Chicago White Sox,51.23456790123457,65653667.0,2001
CHA,Chicago White Sox,50.0,57052833.0,2002
CHA,Chicago White Sox,53.086419753086425,51010000.0,2003
CHA,Chicago White Sox,51.23456790123457,65212500.0,2004
CHA,Chicago White Sox,61.111111111111114,75178000.0,2005
CHA,Chicago White Sox,55.55555555555556,102750667.0,2006
CHA,Chicago White Sox,44.44444444444444,108671833.0,2007
CHA,Chicago White Sox,54.601226993865026,121189332.0,2008
CHA,Chicago White Sox,48.76543209876543,96068500.0,2009
CHA,Chicago White Sox,54.32098765432099,105530000.0,2010
CHA,Chicago White Sox,48.76543209876543,127789000.0,2011
CHA,Chicago White Sox,52.46913580246913,96919500.0,2012
CHN,Chicago Cubs,47.53086419753087,12702917.0,1985
CHN,Chicago Cubs,43.75,17208165.0,1986
CHN,Chicago Cubs,47.20496894409938,14307999.0,1987
CHN,Chicago Cubs,47.239263803680984,13119198.0,1988
CHN,Chicago Cubs,57.407407407407405,10668000.0,1989
CHN,Chicago Cubs,47.53086419753087,13624000.0,1990
CHN,Chicago Cubs,48.125,23175667.0,1991
CHN,Chicago Cubs,48.148148148148145,29829686.0,1992
CHN,Chicago Cubs,51.533742331288344,39386666.0,1993
CHN,Chicago Cubs,43.36283185840708,36287333.0,1994
CHN,Chicago Cubs,50.69444444444444,29505834.0,1995
CHN,Chicago Cubs,46.913580246913575,33081000.0,1996
CHN,Chicago Cubs,41.9753086419753,42155333.0,1997
CHN,Chicago Cubs,55.21472392638037,50838000.0,1998
CHN,Chicago Cubs,41.358024691358025,62343000.0,1999
CHN,Chicago Cubs,40.123456790123456,60539333.0,2000
CHN,Chicago Cubs,54.32098765432099,64715833.0,2001
CHN,Chicago Cubs,41.358024691358025,75690833.0,2002
CHN,Chicago Cubs,54.32098765432099,79868333.0,2003
CHN,Chicago Cubs,54.93827160493827,90560000.0,2004
CHN,Chicago Cubs,48.76543209876543,87032933.0,2005
CHN,Chicago Cubs,40.74074074074074,94424499.0,2006
CHN,Chicago Cubs,52.46913580246913,99670332.0,2007
CHN,Chicago Cubs,60.24844720496895,118345833.0,2008
CHN,Chicago Cubs,51.5527950310559,134809000.0,2009
CHN,Chicago Cubs,46.2962962962963,146609000.0,2010
CHN,Chicago Cubs,43.82716049382716,125047329.0,2011
CHN,Chicago Cubs,37.65432098765432,88197033.0,2012
CIN,Cincinnati Reds,54.93827160493827,8359917.0,1985
CIN,Cincinnati Reds,53.086419753086425,11906388.0,1986
CIN,Cincinnati Reds,51.85185185185185,9281500.0,1987
CIN,Cincinnati Reds,54.037267080745345,8888409.0,1988
CIN,Cincinnati Reds,46.2962962962963,11072000.0,1989
CIN,Cincinnati Reds,56.17283950617284,14370000.0,1990
CIN,Cincinnati Reds,45.67901234567901,26305333.0,1991
CIN,Cincinnati Reds,55.55555555555556,35931499.0,1992
CIN,Cincinnati Reds,45.06172839506173,44879666.0,1993
CIN,Cincinnati Reds,57.391304347826086,40961833.0,1994
CIN,Cincinnati Reds,59.02777777777778,43144670.0,1995
CIN,Cincinnati Reds,50.0,42526334.0,1996
CIN,Cincinnati Reds,46.913580246913575,49768000.0,1997
CIN,Cincinnati Reds,47.53086419753087,23005000.0,1998
CIN,Cincinnati Reds,58.895705521472394,33962761.0,1999
CIN,Cincinnati Reds,52.14723926380368,46867200.0,2000
CIN,Cincinnati Reds,40.74074074074074,48986000.0,2001
CIN,Cincinnati Reds,48.148148148148145,45050390.0,2002
CIN,Cincinnati Reds,42.592592592592595,59355667.0,2003
CIN,Cincinnati Reds,46.913580246913575,46615250.0,2004
CIN,Cincinnati Reds,44.785276073619634,61892583.0,2005
CIN,Cincinnati Reds,49.382716049382715,60909519.0,2006
CIN,Cincinnati Reds,44.44444444444444,68524980.0,2007
CIN,Cincinnati Reds,45.67901234567901,74117695.0,2008
CIN,Cincinnati Reds,48.148148148148145,73558500.0,2009
CIN,Cincinnati Reds,56.17283950617284,71761542.0,2010
CIN,Cincinnati Reds,48.76543209876543,75947134.0,2011
CIN,Cincinnati Reds,59.876543209876544,82203616.0,2012
CLE,Cleveland Indians,37.03703703703704,6551666.0,1985
CLE,Cleveland Indians,51.533742331288344,7809500.0,1986
CLE,Cleveland Indians,37.65432098765432,8513750.0,1987
CLE,Cleveland Indians,48.148148148148145,8936500.0,1988
CLE,Cleveland Indians,45.06172839506173,9094500.0,1989
CLE,Cleveland Indians,47.53086419753087,14487000.0,1990
CLE,Cleveland Indians,35.18518518518518,17635000.0,1991
CLE,Cleveland Indians,46.913580246913575,9373044.0,1992
CLE,Cleveland Indians,46.913580246913575,18561000.0,1993
CLE,Cleveland Indians,58.4070796460177,30490500.0,1994
CLE,Cleveland Indians,69.44444444444444,37937835.0,1995
CLE,Cleveland Indians,61.49068322981367,48107360.0,1996
CLE,Cleveland Indians,53.41614906832298,56802460.0,1997
CLE,Cleveland Indians,54.93827160493827,60800166.0,1998
CLE,Cleveland Indians,59.876543209876544,72978462.0,1999
CLE,Cleveland Indians,55.55555555555556,75880771.0,2000
CLE,Cleveland Indians,56.17283950617284,93152001.0,2001
CLE,Cleveland Indians,45.67901234567901,78909449.0,2002
CLE,Cleveland Indians,41.9753086419753,48584834.0,2003
CLE,Cleveland Indians,49.382716049382715,34319300.0,2004
CLE,Cleveland Indians,57.407407407407405,41502500.0,2005
CLE,Cleveland Indians,48.148148148148145,56031500.0,2006
CLE,Cleveland Indians,59.25925925925925,61673267.0,2007
CLE,Cleveland Indians,50.0,78970066.0,2008
CLE,Cleveland Indians,40.123456790123456,81579166.0,2009
CLE,Cleveland Indians,42.592592592592595,61203966.0,2010
CLE,Cleveland Indians,49.382716049382715,48776566.0,2011
CLE,Cleveland Indians,41.9753086419753,78430300.0,2012
COL,Colorado Rockies,41.358024691358025,10353500.0,1993
COL,Colorado Rockies,45.2991452991453,23887333.0,1994
COL,Colorado Rockies,53.47222222222222,34154717.0,1995
COL,Colorado Rockies,51.23456790123457,40179823.0,1996
COL,Colorado Rockies,51.23456790123457,43559667.0,1997
COL,Colorado Rockies,47.53086419753087,50484648.0,1998
COL,Colorado Rockies,44.44444444444444,61935837.0,1999
COL,Colorado Rockies,50.617283950617285,61111190.0,2000
COL,Colorado Rockies,45.06172839506173,71541334.0,2001
COL,Colorado Rockies,45.06172839506173,56851043.0,2002
COL,Colorado Rockies,45.67901234567901,67179667.0,2003
COL,Colorado Rockies,41.9753086419753,65445167.0,2004
COL,Colorado Rockies,41.358024691358025,47839000.0,2005
COL,Colorado Rockies,46.913580246913575,41233000.0,2006
COL,Colorado Rockies,55.21472392638037,54041000.0,2007
COL,Colorado Rockies,45.67901234567901,68655500.0,2008
COL,Colorado Rockies,56.79012345679012,75201000.0,2009
COL,Colorado Rockies,51.23456790123457,84227000.0,2010
COL,Colorado Rockies,45.06172839506173,88148071.0,2011
COL,Colorado Rockies,39.50617283950617,78069571.0,2012
DET,Detroit Tigers,52.17391304347826,10348143.0,1985
DET,Detroit Tigers,53.70370370370371,12335714.0,1986
DET,Detroit Tigers,60.49382716049383,12122881.0,1987
DET,Detroit Tigers,54.32098765432099,12869571.0,1988
DET,Detroit Tigers,36.41975308641975,15146404.0,1989
DET,Detroit Tigers,48.76543209876543,17593238.0,1990
DET,Detroit Tigers,51.85185185185185,23838333.0,1991
DET,Detroit Tigers,46.2962962962963,27322834.0,1992
DET,Detroit Tigers,52.46913580246913,38150165.0,1993
DET,Detroit Tigers,46.08695652173913,41446501.0,1994
DET,Detroit Tigers,41.66666666666667,37044168.0,1995
DET,Detroit Tigers,32.71604938271605,23438000.0,1996
DET,Detroit Tigers,48.76543209876543,17272000.0,1997
DET,Detroit Tigers,40.123456790123456,24065000.0,1998
DET,Detroit Tigers,42.857142857142854,36489666.0,1999
DET,Detroit Tigers,48.76543209876543,58265167.0,2000
DET,Detroit Tigers,40.74074074074074,53416167.0,2001
DET,Detroit Tigers,34.161490683229815,55048000.0,2002
DET,Detroit Tigers,26.543209876543212,49168000.0,2003
DET,Detroit Tigers,44.44444444444444,46832000.0,2004
DET,Detroit Tigers,43.82716049382716,69092000.0,2005
DET,Detroit Tigers,58.64197530864198,82612866.0,2006
DET,Detroit Tigers,54.32098765432099,94800369.0,2007
DET,Detroit Tigers,45.67901234567901,137685196.0,2008
DET,Detroit Tigers,52.760736196319016,115085145.0,2009
DET,Detroit Tigers,50.0,122864928.0,2010
DET,Detroit Tigers,58.64197530864198,105700231.0,2011
DET,Detroit Tigers,54.32098765432099,132300000.0,2012
FLO,Florida Marlins,39.50617283950617,19330545.0,1993
FLO,Florida Marlins,44.34782608695652,21633000.0,1994
FLO,Florida Marlins,46.85314685314685,24515781.0,1995
FLO,Florida Marlins,49.382716049382715,31022500.0,1996
FLO,Florida Marlins,56.79012345679012,48692500.0,1997
FLO,Florida Marlins,33.33333333333333,41322667.0,1998
FLO,Florida Marlins,39.50617283950617,21085000.0,1999
FLO,Florida Marlins,49.06832298136646,19872000.0,2000
FLO,Florida Marlins,46.913580246913575,35762500.0,2001
FLO,Florida Marlins,48.76543209876543,41979917.0,2002
FLO,Florida Marlins,56.17283950617284,49450000.0,2003
FLO,Florida Marlins,51.23456790123457,42143042.0,2004
FLO,Florida Marlins,51.23456790123457,60408834.0,2005
FLO,Florida Marlins,48.148148148148145,14671500.0,2006
FLO,Florida Marlins,43.82716049382716,30507000.0,2007
FLO,Florida Marlins,52.17391304347826,21811500.0,2008
FLO,Florida Marlins,53.70370370370371,36834000.0,2009
FLO,Florida Marlins,49.382716049382715,57029719.0,2010
FLO,Florida Marlins,44.44444444444444,56944000.0,2011
HOU,Houston Astros,51.23456790123457,9993051.0,1985
HOU,Houston Astros,59.25925925925925,9873276.0,1986
HOU,Houston Astros,46.913580246913575,12608371.0,1987
HOU,Houston Astros,50.617283950617285,12286167.0,1988
HOU,Houston Astros,53.086419753086425,15029500.0,1989
HOU,Houston Astros,46.2962962962963,18330000.0,1990
HOU,Houston Astros,40.123456790123456,12852500.0,1991
HOU,Houston Astros,50.0,15407500.0,1992
HOU,Houston Astros,52.46913580246913,30210500.0,1993
HOU,Houston Astros,57.391304347826086,33126000.0,1994
HOU,Houston Astros,52.77777777777778,34169834.0,1995
HOU,Houston Astros,50.617283950617285,28487000.0,1996
HOU,Houston Astros,51.85185185185185,34777500.0,1997
HOU,Houston Astros,62.96296296296296,42374000.0,1998
HOU,Houston Astros,59.876543209876544,54914000.0,1999
HOU,Houston Astros,44.44444444444444,51289111.0,2000
HOU,Houston Astros,57.407407407407405,60612667.0,2001
HOU,Houston Astros,51.85185185185185,63448417.0,2002
HOU,Houston Astros,53.70370370370371,71040000.0,2003
HOU,Houston Astros,56.79012345679012,75397000.0,2004
HOU,Houston Astros,54.601226993865026,76779000.0,2005
HOU,Houston Astros,50.617283950617285,88694435.0,2006
HOU,Houston Astros,45.06172839506173,87759000.0,2007
HOU,Houston Astros,53.41614906832298,88930414.0,2008
HOU,Houston Astros,45.67901234567901,102996414.0,2009
HOU,Houston Astros,46.913580246913575,92355500.0,2010
HOU,Houston Astros,34.5679012345679,70694000.0,2011
HOU,Houston Astros,33.95061728395062,60651000.0,2012
KCA,Kansas City Royals,56.17283950617284,9321179.0,1985
KCA,Kansas City Royals,46.913580246913575,13043698.0,1986
KCA,Kansas City Royals,51.23456790123457,11828056.0,1987
KCA,Kansas City Royals,52.17391304347826,14556562.0,1988
KCA,Kansas City Royals,56.79012345679012,18683568.0,1989
KCA,Kansas City Royals,46.58385093167702,23361084.0,1990
KCA,Kansas City Royals,50.617283950617285,26319834.0,1991
KCA,Kansas City Royals,44.44444444444444,33893834.0,1992
KCA,Kansas City Royals,51.85185185185185,41346167.0,1993
KCA,Kansas City Royals,55.65217391304348,40541334.0,1994
KCA,Kansas City Royals,48.61111111111111,29532834.0,1995
KCA,Kansas City Royals,46.58385093167702,20281250.0,1996
KCA,Kansas City Royals,41.61490683229814,34655000.0,1997
KCA,Kansas City Royals,44.72049689440994,36862500.0,1998
KCA,Kansas City Royals,39.75155279503105,26225000.0,1999
KCA,Kansas City Royals,47.53086419753087,23433000.0,2000
KCA,Kansas City Royals,40.123456790123456,35422500.0,2001
KCA,Kansas City Royals,38.2716049382716,47257000.0,2002
KCA,Kansas City Royals,51.23456790123457,40518000.0,2003
KCA,Kansas City Royals,35.80246913580247,47609000.0,2004
KCA,Kansas City Royals,34.5679012345679,36881000.0,2005
KCA,Kansas City Royals,38.2716049382716,47294000.0,2006
KCA,Kansas City Royals,42.592592592592595,67116500.0,2007
KCA,Kansas City Royals,46.2962962962963,58245500.0,2008
KCA,Kansas City Royals,40.123456790123456,70519333.0,2009
KCA,Kansas City Royals,41.358024691358025,71405210.0,2010
KCA,Kansas City Royals,43.82716049382716,35712000.0,2011
LAA,Los Angeles Angels of Anaheim,58.64197530864198,94867822.0,2005
LAA,Los Angeles Angels of Anaheim,54.93827160493827,103472000.0,2006
LAA,Los Angeles Angels of Anaheim,58.0246913580247,109251333.0,2007
LAA,Los Angeles Angels of Anaheim,61.72839506172839,119216333.0,2008
LAA,Los Angeles Angels of Anaheim,59.876543209876544,113709000.0,2009
LAA,Los Angeles Angels of Anaheim,49.382716049382715,104963866.0,2010
LAA,Los Angeles Angels of Anaheim,53.086419753086425,138543166.0,2011
LAA,Los Angeles Angels of Anaheim,54.93827160493827,154485166.0,2012
LAN,Los Angeles Dodgers,58.64197530864198,10967917.0,1985
LAN,Los Angeles Dodgers,45.06172839506173,14913776.0,1986
LAN,Los Angeles Dodgers,45.06172839506173,13675403.0,1987
LAN,Los Angeles Dodgers,58.0246913580247,16850515.0,1988
LAN,Los Angeles Dodgers,48.125,21071562.0,1989
LAN,Los Angeles Dodgers,53.086419753086425,21318704.0,1990
LAN,Los Angeles Dodgers,57.407407407407405,32790664.0,1991
LAN,Los Angeles Dodgers,38.88888888888889,44788166.0,1992
LAN,Los Angeles Dodgers,50.0,39331999.0,1993
LAN,Los Angeles Dodgers,50.877192982456144,38000001.0,1994
LAN,Los Angeles Dodgers,54.166666666666664,39273201.0,1995
LAN,Los Angeles Dodgers,55.55555555555556,35355000.0,1996
LAN,Los Angeles Dodgers,54.32098765432099,45380304.0,1997
LAN,Los Angeles Dodgers,51.23456790123457,48820000.0,1998
LAN,Los Angeles Dodgers,47.53086419753087,80862453.0,1999
LAN,Los Angeles Dodgers,53.086419753086425,87924286.0,2000
LAN,Los Angeles Dodgers,53.086419753086425,109105953.0,2001
LAN,Los Angeles Dodgers,56.79012345679012,94850953.0,2002
LAN,Los Angeles Dodgers,52.46913580246913,105572620.0,2003
LAN,Los Angeles Dodgers,57.407407407407405,92902001.0,2004
LAN,Los Angeles Dodgers,43.82716049382716,83039000.0,2005
LAN,Los Angeles Dodgers,54.32098765432099,98447187.0,2006
LAN,Los Angeles Dodgers,50.617283950617285,108454524.0,2007
LAN,Los Angeles Dodgers,51.85185185185185,118588536.0,2008
LAN,Los Angeles Dodgers,58.64197530864198,100414592.0,2009
LAN,Los Angeles Dodgers,49.382716049382715,95358016.0,2010
LAN,Los Angeles Dodgers,50.931677018633536,104188999.0,2011
LAN,Los Angeles Dodgers,53.086419753086425,95143575.0,2012
MIA,Miami Marlins,42.592592592592595,118078000.0,2012
MIL,Milwaukee Brewers,45.67901234567901,33914904.0,1998
MIL,Milwaukee Brewers,45.962732919254655,43377395.0,1999
MIL,Milwaukee Brewers,44.785276073619634,36505333.0,2000
MIL,Milwaukee Brewers,41.9753086419753,43886833.0,2001
MIL,Milwaukee Brewers,34.5679012345679,50287833.0,2002
MIL,Milwaukee Brewers,41.9753086419753,40627000.0,2003
MIL,Milwaukee Brewers,41.61490683229814,27528500.0,2004
MIL,Milwaukee Brewers,50.0,39934833.0,2005
MIL,Milwaukee Brewers,46.2962962962963,57568333.0,2006
MIL,Milwaukee Brewers,51.23456790123457,70986500.0,2007
MIL,Milwaukee Brewers,55.55555555555556,80937499.0,2008
MIL,Milwaukee Brewers,49.382716049382715,80182502.0,2009
MIL,Milwaukee Brewers,47.53086419753087,81108278.0,2010
MIL,Milwaukee Brewers,59.25925925925925,85497333.0,2011
MIL,Milwaukee Brewers,51.23456790123457,97653944.0,2012
MIN,Minnesota Twins,47.53086419753087,5764821.0,1985
MIN,Minnesota Twins,43.82716049382716,8748167.0,1986
MIN,Minnesota Twins,52.46913580246913,6397500.0,1987
MIN,Minnesota Twins,56.17283950617284,12462666.0,1988
MIN,Minnesota Twins,49.382716049382715,15531666.0,1989
MIN,Minnesota Twins,45.67901234567901,14602000.0,1990
MIN,Minnesota Twins,58.64197530864198,23361833.0,1991
MIN,Minnesota Twins,55.55555555555556,28027834.0,1992
MIN,Minnesota Twins,43.82716049382716,28217933.0,1993
MIN,Minnesota Twins,46.902654867256636,28438500.0,1994
MIN,Minnesota Twins,38.88888888888889,25410500.0,1995
MIN,Minnesota Twins,48.148148148148145,23117000.0,1996
MIN,Minnesota Twins,41.9753086419753,34072500.0,1997
MIN,Minnesota Twins,43.20987654320987,27927500.0,1998
MIN,Minnesota Twins,39.130434782608695,21257500.0,1999
MIN,Minnesota Twins,42.592592592592595,16519500.0,2000
MIN,Minnesota Twins,52.46913580246913,24130000.0,2001
MIN,Minnesota Twins,58.38509316770186,40425000.0,2002
MIN,Minnesota Twins,55.55555555555556,55505000.0,2003
MIN,Minnesota Twins,56.79012345679012,53585000.0,2004
MIN,Minnesota Twins,51.23456790123457,56186000.0,2005
MIN,Minnesota Twins,59.25925925925925,63396006.0,2006
MIN,Minnesota Twins,48.76543209876543,71439500.0,2007
MIN,Minnesota Twins,53.987730061349694,56932766.0,2008
MIN,Minnesota Twins,53.37423312883436,65299266.0,2009
MIN,Minnesota Twins,58.0246913580247,97559166.0,2010
MIN,Minnesota Twins,38.88888888888889,112737000.0,2011
MIN,Minnesota Twins,40.74074074074074,94085000.0,2012
ML4,Milwaukee Brewers,44.099378881987576,11284107.0,1985
ML4,Milwaukee Brewers,47.82608695652174,9943642.0,1986
ML4,Milwaukee Brewers,56.17283950617284,7293224.0,1987
ML4,Milwaukee Brewers,53.70370370370371,8402000.0,1988
ML4,Milwaukee Brewers,50.0,11533000.0,1989
ML4,Milwaukee Brewers,45.67901234567901,19719167.0,1990
ML4,Milwaukee Brewers,51.23456790123457,23115500.0,1991
ML4,Milwaukee Brewers,56.79012345679012,31013667.0,1992
ML4,Milwaukee Brewers,42.592592592592595,23806834.0,1993
ML4,Milwaukee Brewers,46.08695652173913,24350500.0,1994
ML4,Milwaukee Brewers,45.13888888888889,17798825.0,1995
ML4,Milwaukee Brewers,49.382716049382715,21730000.0,1996
ML4,Milwaukee Brewers,48.4472049689441,23655338.0,1997
MON,Montreal Expos,52.17391304347826,9470166.0,1985
MON,Montreal Expos,48.4472049689441,11103600.0,1986
MON,Montreal Expos,56.17283950617284,6942052.0,1987
MON,Montreal Expos,49.693251533742334,9603333.0,1988
MON,Montreal Expos,50.0,13807389.0,1989
MON,Montreal Expos,52.46913580246913,16586388.0,1990
MON,Montreal Expos,44.099378881987576,10732333.0,1991
MON,Montreal Expos,53.70370370370371,15822334.0,1992
MON,Montreal Expos,57.668711656441715,18899333.0,1993
MON,Montreal Expos,64.91228070175438,19098000.0,1994
MON,Montreal Expos,45.83333333333333,12364000.0,1995
MON,Montreal Expos,54.32098765432099,16264500.0,1996
MON,Montreal Expos,48.148148148148145,19295500.0,1997
MON,Montreal Expos,40.123456790123456,10641500.0,1998
MON,Montreal Expos,41.9753086419753,17903000.0,1999
MON,Montreal Expos,41.358024691358025,32994333.0,2000
MON,Montreal Expos,41.9753086419753,35159500.0,2001
MON,Montreal Expos,51.23456790123457,38670500.0,2002
MON,Montreal Expos,51.23456790123457,51948500.0,2003
MON,Montreal Expos,41.358024691358025,40897500.0,2004
NYA,New York Yankees,60.24844720496895,14238204.0,1985
NYA,New York Yankees,55.55555555555556,18494253.0,1986
NYA,New York Yankees,54.93827160493827,17099714.0,1987
NYA,New York Yankees,52.79503105590062,19441152.0,1988
NYA,New York Yankees,45.962732919254655,17114375.0,1989
NYA,New York Yankees,41.358024691358025,20912318.0,1990
NYA,New York Yankees,43.82716049382716,27344168.0,1991
NYA,New York Yankees,46.913580246913575,37543334.0,1992
NYA,New York Yankees,54.32098765432099,42624900.0,1993
NYA,New York Yankees,61.94690265486725,45731334.0,1994
NYA,New York Yankees,54.48275862068965,48874851.0,1995
NYA,New York Yankees,56.79012345679012,54191792.0,1996
NYA,New York Yankees,59.25925925925925,62241545.0,1997
NYA,New York Yankees,70.37037037037037,66806867.0,1998
NYA,New York Yankees,60.49382716049383,86734359.0,1999
NYA,New York Yankees,54.037267080745345,92338260.0,2000
NYA,New York Yankees,59.006211180124225,112287143.0,2001
NYA,New York Yankees,63.975155279503106,125928583.0,2002
NYA,New York Yankees,61.963190184049076,152749814.0,2003
NYA,New York Yankees,62.34567901234568,184193950.0,2004
NYA,New York Yankees,58.64197530864198,208306817.0,2005
NYA,New York Yankees,59.876543209876544,194663079.0,2006
NYA,New York Yankees,58.0246913580247,189259045.0,2007
NYA,New York Yankees,54.93827160493827,207896789.0,2008
NYA,New York Yankees,63.580246913580254,201449189.0,2009
NYA,New York Yankees,58.64197530864198,206333389.0,2010
NYA,New York Yankees,59.876543209876544,202275028.0,2011
NYA,New York Yankees,58.64197530864198,196522289.0,2012
NYN,New York Mets,60.49382716049383,10834762.0,1985
NYN,New York Mets,66.66666666666666,15393714.0,1986
NYN,New York Mets,56.79012345679012,13846714.0,1987
NYN,New York Mets,62.5,15269314.0,1988
NYN,New York Mets,53.70370370370371,19885071.0,1989
NYN,New York Mets,56.17283950617284,21722834.0,1990
NYN,New York Mets,47.82608695652174,32590001.0,1991
NYN,New York Mets,44.44444444444444,44602002.0,1992
NYN,New York Mets,36.41975308641975,39043667.0,1993
NYN,New York Mets,48.67256637168141,30956583.0,1994
NYN,New York Mets,47.91666666666667,27674992.0,1995
NYN,New York Mets,43.82716049382716,24479500.0,1996
NYN,New York Mets,54.32098765432099,39800400.0,1997
NYN,New York Mets,54.32098765432099,52077999.0,1998
NYN,New York Mets,59.50920245398773,65092092.0,1999
NYN,New York Mets,58.0246913580247,79509776.0,2000
NYN,New York Mets,50.617283950617285,93174428.0,2001
NYN,New York Mets,46.58385093167702,94633593.0,2002
NYN,New York Mets,40.993788819875775,116876429.0,2003
NYN,New York Mets,43.82716049382716,96660970.0,2004
NYN,New York Mets,51.23456790123457,101305821.0,2005
NYN,New York Mets,59.876543209876544,101084963.0,2006
NYN,New York Mets,54.32098765432099,115231663.0,2007
NYN,New York Mets,54.93827160493827,137793376.0,2008
NYN,New York Mets,43.20987654320987,149373987.0,2009
NYN,New York Mets,48.76543209876543,134422942.0,2010
NYN,New York Mets,47.53086419753087,118847309.0,2011
NYN,New York Mets,45.67901234567901,93353983.0,2012
OAK,Oakland Athletics,47.53086419753087,9058606.0,1985
OAK,Oakland Athletics,46.913580246913575,9779421.0,1986
OAK,Oakland Athletics,50.0,11680839.0,1987
OAK,Oakland Athletics,64.19753086419753,9690000.0,1988
OAK,Oakland Athletics,61.111111111111114,15613070.0,1989
OAK,Oakland Athletics,63.580246913580254,19887501.0,1990
OAK,Oakland Athletics,51.85185185185185,36999167.0,1991
OAK,Oakland Athletics,59.25925925925925,41035000.0,1992
OAK,Oakland Athletics,41.9753086419753,37812333.0,1993
OAK,Oakland Athletics,44.73684210526316,34172500.0,1994
OAK,Oakland Athletics,46.52777777777778,37739225.0,1995
OAK,Oakland Athletics,48.148148148148145,21243000.0,1996
OAK,Oakland Athletics,40.123456790123456,24018500.0,1997
OAK,Oakland Athletics,45.67901234567901,21303000.0,1998
OAK,Oakland Athletics,53.70370370370371,24431833.0,1999
OAK,Oakland Athletics,56.52173913043478,31971333.0,2000
OAK,Oakland Athletics,62.96296296296296,33810750.0,2001
OAK,Oakland Athletics,63.580246913580254,40004167.0,2002
OAK,Oakland Athletics,59.25925925925925,50260834.0,2003
OAK,Oakland Athletics,56.17283950617284,59425667.0,2004
OAK,Oakland Athletics,54.32098765432099,55425762.0,2005
OAK,Oakland Athletics,57.407407407407405,62243079.0,2006
OAK,Oakland Athletics,46.913580246913575,79366940.0,2007
OAK,Oakland Athletics,46.58385093167702,47967126.0,2008
OAK,Oakland Athletics,46.2962962962963,61910000.0,2009
OAK,Oakland Athletics,50.0,55254900.0,2010
OAK,Oakland Athletics,45.67901234567901,66536500.0,2011
OAK,Oakland Athletics,58.0246913580247,55372500.0,2012
PHI,Philadelphia Phillies,46.2962962962963,10124966.0,1985
PHI,Philadelphia Phillies,53.41614906832298,11590166.0,1986
PHI,Philadelphia Phillies,49.382716049382715,11514233.0,1987
PHI,Philadelphia Phillies,40.123456790123456,13838000.0,1988
PHI,Philadelphia Phillies,41.104294478527606,10604000.0,1989
PHI,Philadelphia Phillies,47.53086419753087,13173667.0,1990
PHI,Philadelphia Phillies,48.148148148148145,22487332.0,1991
PHI,Philadelphia Phillies,43.20987654320987,24383834.0,1992
PHI,Philadelphia Phillies,59.876543209876544,28538334.0,1993
PHI,Philadelphia Phillies,46.95652173913044,31599000.0,1994
PHI,Philadelphia Phillies,47.91666666666667,30555945.0,1995
PHI,Philadelphia Phillies,41.358024691358025,34314500.0,1996
PHI,Philadelphia Phillies,41.9753086419753,36656500.0,1997
PHI,Philadelphia Phillies,46.2962962962963,36297500.0,1998
PHI,Philadelphia Phillies,47.53086419753087,31692500.0,1999
PHI,Philadelphia Phillies,40.123456790123456,47308000.0,2000
PHI,Philadelphia Phillies,53.086419753086425,41663833.0,2001
PHI,Philadelphia Phillies,49.68944099378882,57954999.0,2002
PHI,Philadelphia Phillies,53.086419753086425,70780000.0,2003
PHI,Philadelphia Phillies,53.086419753086425,92919167.0,2004
PHI,Philadelphia Phillies,54.32098765432099,95522000.0,2005
PHI,Philadelphia Phillies,52.46913580246913,88273333.0,2006
PHI,Philadelphia Phillies,54.93827160493827,89428213.0,2007
PHI,Philadelphia Phillies,56.79012345679012,97879880.0,2008
PHI,Philadelphia Phillies,57.407407407407405,113004046.0,2009
PHI,Philadelphia Phillies,59.876543209876544,141928379.0,2010
PHI,Philadelphia Phillies,62.96296296296296,172976379.0,2011
PHI,Philadelphia Phillies,50.0,174538938.0,2012
PIT,Pittsburgh Pirates,35.40372670807454,9227500.0,1985
PIT,Pittsburgh Pirates,39.50617283950617,10843500.0,1986
PIT,Pittsburgh Pirates,49.382716049382715,7652000.0,1987
PIT,Pittsburgh Pirates,53.125,5998500.0,1988
PIT,Pittsburgh Pirates,45.1219512195122,12737500.0,1989
PIT,Pittsburgh Pirates,58.64197530864198,15556000.0,1990
PIT,Pittsburgh Pirates,60.49382716049383,23634667.0,1991
PIT,Pittsburgh Pirates,59.25925925925925,33944167.0,1992
PIT,Pittsburgh Pirates,46.2962962962963,24822467.0,1993
PIT,Pittsburgh Pirates,46.49122807017544,24217250.0,1994
PIT,Pittsburgh Pirates,40.27777777777778,18355345.0,1995
PIT,Pittsburgh Pirates,45.06172839506173,23017500.0,1996
PIT,Pittsburgh Pirates,48.76543209876543,10771667.0,1997
PIT,Pittsburgh Pirates,42.331288343558285,15065000.0,1998
PIT,Pittsburgh Pirates,48.4472049689441,24697666.0,1999
PIT,Pittsburgh Pirates,42.592592592592595,28928334.0,2000
PIT,Pittsburgh Pirates,38.2716049382716,57760833.0,2001
PIT,Pittsburgh Pirates,44.72049689440994,42323599.0,2002
PIT,Pittsburgh Pirates,46.2962962962963,54812429.0,2003
PIT,Pittsburgh Pirates,44.72049689440994,32227929.0,2004
PIT,Pittsburgh Pirates,41.358024691358025,38133000.0,2005
PIT,Pittsburgh Pirates,41.358024691358025,46717750.0,2006
PIT,Pittsburgh Pirates,41.9753086419753,38537833.0,2007
PIT,Pittsburgh Pirates,41.358024691358025,48689783.0,2008
PIT,Pittsburgh Pirates,38.50931677018634,48693000.0,2009
PIT,Pittsburgh Pirates,35.18518518518518,34943000.0,2010
PIT,Pittsburgh Pirates,44.44444444444444,45047000.0,2011
PIT,Pittsburgh Pirates,48.76543209876543,62951999.0,2012
SDN,San Diego Padres,51.23456790123457,11036583.0,1985
SDN,San Diego Padres,45.67901234567901,11380693.0,1986
SDN,San Diego Padres,40.123456790123456,11065796.0,1987
SDN,San Diego Padres,51.5527950310559,9561002.0,1988
SDN,San Diego Padres,54.93827160493827,14195000.0,1989
SDN,San Diego Padres,46.2962962962963,17588334.0,1990
SDN,San Diego Padres,51.85185185185185,22150001.0,1991
SDN,San Diego Padres,50.617283950617285,26854167.0,1992
SDN,San Diego Padres,37.65432098765432,25511333.0,1993
SDN,San Diego Padres,40.17094017094017,14916333.0,1994
SDN,San Diego Padres,48.61111111111111,26382334.0,1995
SDN,San Diego Padres,56.17283950617284,28348172.0,1996
SDN,San Diego Padres,46.913580246913575,37363672.0,1997
SDN,San Diego Padres,60.49382716049383,46861500.0,1998
SDN,San Diego Padres,45.67901234567901,49768179.0,1999
SDN,San Diego Padres,46.913580246913575,54821000.0,2000
SDN,San Diego Padres,48.76543209876543,39182833.0,2001
SDN,San Diego Padres,40.74074074074074,41425000.0,2002
SDN,San Diego Padres,39.50617283950617,45210000.0,2003
SDN,San Diego Padres,53.70370370370371,55384833.0,2004
SDN,San Diego Padres,50.617283950617285,63290833.0,2005
SDN,San Diego Padres,54.32098765432099,69896141.0,2006
SDN,San Diego Padres,54.601226993865026,58110567.0,2007
SDN,San Diego Padres,38.88888888888889,73677616.0,2008
SDN,San Diego Padres,46.2962962962963,43333700.0,2009
SDN,San Diego Padres,55.55555555555556,37799300.0,2010
SDN,San Diego Padres,43.82716049382716,45869140.0,2011
SDN,San Diego Padres,46.913580246913575,55244700.0,2012
SEA,Seattle Mariners,45.67901234567901,4613000.0,1985
SEA,Seattle Mariners,41.358024691358025,5958309.0,1986
SEA,Seattle Mariners,48.148148148148145,2263500.0,1987
SEA,Seattle Mariners,42.2360248447205,7342450.0,1988
SEA,Seattle Mariners,45.06172839506173,9779500.0,1989
SEA,Seattle Mariners,47.53086419753087,12553667.0,1990
SEA,Seattle Mariners,51.23456790123457,15691833.0,1991
SEA,Seattle Mariners,39.50617283950617,23179833.0,1992
SEA,Seattle Mariners,50.617283950617285,32696333.0,1993
SEA,Seattle Mariners,43.75,29228500.0,1994
SEA,Seattle Mariners,54.48275862068965,36481311.0,1995
SEA,Seattle Mariners,52.79503105590062,41328501.0,1996
SEA,Seattle Mariners,55.55555555555556,41540661.0,1997
SEA,Seattle Mariners,47.20496894409938,54087036.0,1998
SEA,Seattle Mariners,48.76543209876543,54125003.0,1999
SEA,Seattle Mariners,56.17283950617284,58915000.0,2000
SEA,Seattle Mariners,71.60493827160494,74720834.0,2001
SEA,Seattle Mariners,57.407407407407405,80282668.0,2002
SEA,Seattle Mariners,57.407407407407405,86959167.0,2003
SEA,Seattle Mariners,38.88888888888889,81515834.0,2004
SEA,Seattle Mariners,42.592592592592595,87754334.0,2005
SEA,Seattle Mariners,48.148148148148145,87959833.0,2006
SEA,Seattle Mariners,54.32098765432099,106460833.0,2007
SEA,Seattle Mariners,37.65432098765432,117666482.0,2008
SEA,Seattle Mariners,52.46913580246913,98904166.0,2009
SEA,Seattle Mariners,37.65432098765432,86510000.0,2010
SEA,Seattle Mariners,41.358024691358025,86110600.0,2011
SEA,Seattle Mariners,46.2962962962963,81978100.0,2012
SFN,San Francisco Giants,38.2716049382716,8221714.0,1985
SFN,San Francisco Giants,51.23456790123457,8947000.0,1986
SFN,San Francisco Giants,55.55555555555556,7290000.0,1987
SFN,San Francisco Giants,51.23456790123457,12380000.0,1988
SFN,San Francisco Giants,56.79012345679012,14962834.0,1989
SFN,San Francisco Giants,52.46913580246913,19335333.0,1990
SFN,San Francisco Giants,46.2962962962963,30967666.0,1991
SFN,San Francisco Giants,44.44444444444444,33163168.0,1992
SFN,San Francisco Giants,63.580246913580254,35050000.0,1993
SFN,San Francisco Giants,47.82608695652174,42638666.0,1994
SFN,San Francisco Giants,46.52777777777778,36462777.0,1995
SFN,San Francisco Giants,41.9753086419753,37144725.0,1996
SFN,San Francisco Giants,55.55555555555556,35592378.0,1997
SFN,San Francisco Giants,54.601226993865026,42565834.0,1998
SFN,San Francisco Giants,53.086419753086425,46595057.0,1999
SFN,San Francisco Giants,59.876543209876544,53737826.0,2000
SFN,San Francisco Giants,55.55555555555556,63280167.0,2001
SFN,San Francisco Giants,58.64197530864198,78299835.0,2002
SFN,San Francisco Giants,62.11180124223602,82852167.0,2003
SFN,San Francisco Giants,56.17283950617284,82019166.0,2004
SFN,San Francisco Giants,46.2962962962963,90199500.0,2005
SFN,San Francisco Giants,47.20496894409938,90056419.0,2006
SFN,San Francisco Giants,43.82716049382716,90219056.0,2007
SFN,San Francisco Giants,44.44444444444444,76594500.0,2008
SFN,San Francisco Giants,54.32098765432099,83026450.0,2009
SFN,San Francisco Giants,56.79012345679012,98641333.0,2010
SFN,San Francisco Giants,53.086419753086425,118198333.0,2011
SFN,San Francisco Giants,58.0246913580247,117620683.0,2012
SLN,St. Louis Cardinals,62.34567901234568,11817083.0,1985
SLN,St. Louis Cardinals,49.06832298136646,9875010.0,1986
SLN,St. Louis Cardinals,58.64197530864198,11758000.0,1987
SLN,St. Louis Cardinals,46.913580246913575,12880000.0,1988
SLN,St. Louis Cardinals,52.4390243902439,16078833.0,1989
SLN,St. Louis Cardinals,43.20987654320987,20523334.0,1990
SLN,St. Louis Cardinals,51.85185185185185,21860001.0,1991
SLN,St. Louis Cardinals,51.23456790123457,27583836.0,1992
SLN,St. Louis Cardinals,53.70370370370371,23367334.0,1993
SLN,St. Louis Cardinals,46.08695652173913,29275601.0,1994
SLN,St. Louis Cardinals,43.35664335664335,37101000.0,1995
SLN,St. Louis Cardinals,54.32098765432099,40269667.0,1996
SLN,St. Louis Cardinals,45.06172839506173,45456667.0,1997
SLN,St. Louis Cardinals,50.920245398773,54672521.0,1998
SLN,St. Louis Cardinals,46.58385093167702,49778195.0,1999
SLN,St. Louis Cardinals,58.64197530864198,61453863.0,2000
SLN,St. Louis Cardinals,57.407407407407405,78538333.0,2001
SLN,St. Louis Cardinals,59.876543209876544,74660875.0,2002
SLN,St. Louis Cardinals,52.46913580246913,83786666.0,2003
SLN,St. Louis Cardinals,64.81481481481481,83228333.0,2004
SLN,St. Louis Cardinals,61.72839506172839,92106833.0,2005
SLN,St. Louis Cardinals,51.5527950310559,88891371.0,2006
SLN,St. Louis Cardinals,48.148148148148145,90286823.0,2007
SLN,St. Louis Cardinals,53.086419753086425,99624449.0,2008
SLN,St. Louis Cardinals,56.17283950617284,88528409.0,2009
SLN,St. Louis Cardinals,53.086419753086425,93540751.0,2010
SLN,St. Louis Cardinals,55.55555555555556,105433572.0,2011
SLN,St. Louis Cardinals,54.32098765432099,110300862.0,2012
TBA,Tampa Bay Devil Rays,38.88888888888889,27280000.0,1998
TBA,Tampa Bay Devil Rays,42.592592592592595,38870000.0,1999
TBA,Tampa Bay Devil Rays,42.857142857142854,62765129.0,2000
TBA,Tampa Bay Devil Rays,38.2716049382716,56980000.0,2001
TBA,Tampa Bay Devil Rays,34.161490683229815,34380000.0,2002
TBA,Tampa Bay Devil Rays,38.88888888888889,19630000.0,2003
TBA,Tampa Bay Devil Rays,43.47826086956522,29556667.0,2004
TBA,Tampa Bay Devil Rays,41.358024691358025,29679067.0,2005
TBA,Tampa Bay Devil Rays,37.65432098765432,34917967.0,2006
TBA,Tampa Bay Devil Rays,40.74074074074074,24123500.0,2007
TBA,Tampa Bay Rays,59.876543209876544,43820597.0,2008
TBA,Tampa Bay Rays,51.85185185185185,63313034.0,2009
TBA,Tampa Bay Rays,59.25925925925925,71923471.0,2010
TBA,Tampa Bay Rays,56.17283950617284,41053571.0,2011
TBA,Tampa Bay Rays,55.55555555555556,64173500.0,2012
TEX,Texas Rangers,38.50931677018634,7676500.0,1985
TEX,Texas Rangers,53.70370370370371,6743119.0,1986
TEX,Texas Rangers,46.2962962962963,880000.0,1987
TEX,Texas Rangers,43.47826086956522,5342131.0,1988
TEX,Texas Rangers,51.23456790123457,11893781.0,1989
TEX,Texas Rangers,51.23456790123457,14874372.0,1990
TEX,Texas Rangers,52.46913580246913,18224500.0,1991
TEX,Texas Rangers,47.53086419753087,30128167.0,1992
TEX,Texas Rangers,53.086419753086425,36376959.0,1993
TEX,Texas Rangers,45.614035087719294,32973597.0,1994
TEX,Texas Rangers,51.388888888888886,34581451.0,1995
TEX,Texas Rangers,55.21472392638037,39041528.0,1996
TEX,Texas Rangers,47.53086419753087,53448838.0,1997
TEX,Texas Rangers,54.32098765432099,56572095.0,1998
TEX,Texas Rangers,58.64197530864198,76709931.0,1999
TEX,Texas Rangers,43.82716049382716,70795921.0,2000
TEX,Texas Rangers,45.06172839506173,88633500.0,2001
TEX,Texas Rangers,44.44444444444444,105526122.0,2002
TEX,Texas Rangers,43.82716049382716,103491667.0,2003
TEX,Texas Rangers,54.93827160493827,55050417.0,2004
TEX,Texas Rangers,48.76543209876543,55849000.0,2005
TEX,Texas Rangers,49.382716049382715,68228662.0,2006
TEX,Texas Rangers,46.2962962962963,68318675.0,2007
TEX,Texas Rangers,48.76543209876543,67712326.0,2008
TEX,Texas Rangers,53.70370370370371,68178798.0,2009
TEX,Texas Rangers,55.55555555555556,55250544.0,2010
TEX,Texas Rangers,59.25925925925925,92299264.0,2011
TEX,Texas Rangers,57.407407407407405,120510974.0,2012
TOR,Toronto Blue Jays,61.49068322981367,8812550.0,1985
TOR,Toronto Blue Jays,52.760736196319016,12611047.0,1986
TOR,Toronto Blue Jays,59.25925925925925,10479501.0,1987
TOR,Toronto Blue Jays,53.70370370370371,12241225.0,1988
TOR,Toronto Blue Jays,54.93827160493827,16261666.0,1989
TOR,Toronto Blue Jays,53.086419753086425,17756834.0,1990
TOR,Toronto Blue Jays,56.17283950617284,19902417.0,1991
TOR,Toronto Blue Jays,59.25925925925925,44788666.0,1992
TOR,Toronto Blue Jays,58.64197530864198,47279166.0,1993
TOR,Toronto Blue Jays,47.82608695652174,43433668.0,1994
TOR,Toronto Blue Jays,38.88888888888889,50590000.0,1995
TOR,Toronto Blue Jays,45.67901234567901,29555083.0,1996
TOR,Toronto Blue Jays,46.913580246913575,47079833.0,1997
TOR,Toronto Blue Jays,53.987730061349694,51376000.0,1998
TOR,Toronto Blue Jays,51.85185185185185,45444333.0,1999
TOR,Toronto Blue Jays,51.23456790123457,44838332.0,2000
TOR,Toronto Blue Jays,49.382716049382715,76895999.0,2001
TOR,Toronto Blue Jays,48.148148148148145,76864333.0,2002
TOR,Toronto Blue Jays,53.086419753086425,51269000.0,2003
TOR,Toronto Blue Jays,41.61490683229814,50017000.0,2004
TOR,Toronto Blue Jays,49.382716049382715,45719500.0,2005
TOR,Toronto Blue Jays,53.70370370370371,71365000.0,2006
TOR,Toronto Blue Jays,51.23456790123457,81942800.0,2007
TOR,Toronto Blue Jays,53.086419753086425,97793900.0,2008
TOR,Toronto Blue Jays,46.2962962962963,80538300.0,2009
TOR,Toronto Blue Jays,52.46913580246913,62234000.0,2010
TOR,Toronto Blue Jays,50.0,62567800.0,2011
TOR,Toronto Blue Jays,45.06172839506173,75009200.0,2012
WAS,Washington Nationals,50.0,48581500.0,2005
WAS,Washington Nationals,43.82716049382716,63143000.0,2006
WAS,Washington Nationals,45.06172839506173,36947500.0,2007
WAS,Washington Nationals,36.64596273291926,54961000.0,2008
WAS,Washington Nationals,36.41975308641975,59928000.0,2009
WAS,Washington Nationals,42.592592592592595,61400000.0,2010
WAS,Washington Nationals,49.68944099378882,63856928.0,2011
WAS,Washington Nationals,60.49382716049383,80855143.0,2012
